{"count":1,"self":7064.9946112,"total":18345.0154383,"children":{"AgentSendState":{"count":6252589,"self":220.733568,"total":3277.1901562999997,"children":{"CollectObservations":{"count":10004144,"self":2849.5493119999996,"total":2849.5492544,"children":null},"CollectDiscreteActionMasks":{"count":10004144,"self":14.465137599999998,"total":14.465137499999999,"children":null},"AgentInfo.ToProto":{"count":10004144,"self":50.882105599999996,"total":192.4422016,"children":{"GenerateSensorData":{"count":10004144,"self":141.5600896,"total":141.5600953,"children":null}}}}},"DecideAction":{"count":6252589,"self":7810.6001407999993,"total":7810.5999679999995,"children":null},"AgentAct":{"count":6252589,"self":191.93377279999999,"total":191.93879819999998,"children":{"AgentInfo.ToProto":{"count":245,"self":0.0009966,"total":0.0050203,"children":{"GenerateSensorData":{"count":245,"self":0.0040237,"total":0.0040237,"children":null}}}}},"AgentInfo.ToProto":{"count":11158,"self":0.1143722,"total":0.2909827,"children":{"GenerateSensorData":{"count":11158,"self":0.1766105,"total":0.1766105,"children":null}}}},"gauges":{"CrawlerStatic.CumulativeReward":{"count":11403,"max":4165.44629,"min":-3.25382,"runningAverage":329.250031,"value":4162.82861,"weightedAverage":3867.9502}},"metadata":{"timer_format_version":"0.1.0","start_time_seconds":"1588033894","unity_version":"2019.3.7f1","command_line_arguments":"C:\\Program Files\\2019.3.7f1\\Editor\\Unity.exe -projectpath D:\/FourRegWalk_ML -useHub -hubIPC -cloudEnvironment production -hubSessionId ac6056d0-88e3-11ea-9c19-bf8e3e30bcbe -accessToken cwe4cKIPf_4-BkQX4AcSVPC00-oGN9tOFOXS_HefYj400df","communication_protocol_version":"0.16.0","com.unity.ml-agents_version":"0.15.1-preview","scene_name":"Walk_Test","end_time_seconds":"1588052238"}}